{
  "L21_S9": {
    "historical_floor_flat": {
      "cos_low": 0.8896974921226501,
      "cos_sub": 0.9069395065307617,
      "delta_cos": 0.017242014408111572,
      "MAE_low": 0.079564668238163,
      "MAE_sub": 0.07552124559879303,
      "MAE_delta": -0.004043422639369965,
      "severe": false,
      "q2k_bytes": 1430016,
      "margin": 351242
    },
    "corrected_ceil_per_row": {
      "cos_low": 0.6691783666610718,
      "cos_sub": 0.8532377481460571,
      "delta_cos": 0.18405938148498535,
      "MAE_low": 0.10697615891695023,
      "MAE_sub": 0.08855510503053665,
      "MAE_delta": -0.018421053886413574,
      "severe": false,
      "q2k_bytes": 1634304,
      "margin": -261654
    }
  },
  "L21_S0": {
    "historical_floor_flat": {
      "cos_low": 0.7994900941848755,
      "cos_sub": 0.8874871134757996,
      "delta_cos": 0.08799701929092407,
      "MAE_low": 0.06353511661291122,
      "MAE_sub": 0.05612128600478172,
      "MAE_delta": -0.007413830608129501,
      "severe": false,
      "q2k_bytes": 1430016,
      "margin": 351242
    },
    "corrected_ceil_per_row": {
      "cos_low": 0.49424877762794495,
      "cos_sub": 0.8173609972000122,
      "delta_cos": 0.32311221957206726,
      "MAE_low": 0.09547944366931915,
      "MAE_sub": 0.06695076078176498,
      "MAE_delta": -0.02852868288755417,
      "severe": false,
      "q2k_bytes": 1634304,
      "margin": -261654
    }
  },
  "L2_S7": {
    "historical_floor_flat": {
      "cos_low": 0.9248302578926086,
      "cos_sub": 0.9454222917556763,
      "delta_cos": 0.020592033863067627,
      "MAE_low": 0.3127199709415436,
      "MAE_sub": 0.2762313485145569,
      "MAE_delta": -0.036488622426986694,
      "severe": false,
      "q2k_bytes": 1430016,
      "margin": 351258
    },
    "corrected_ceil_per_row": {
      "cos_low": 0.8823337554931641,
      "cos_sub": 0.9109874963760376,
      "delta_cos": 0.028653740882873535,
      "MAE_low": 0.3947821259498596,
      "MAE_sub": 0.3502465784549713,
      "MAE_delta": -0.044535547494888306,
      "severe": false,
      "q2k_bytes": 1634304,
      "margin": -261638
    }
  }
}