{
  "phase": "31AM",
  "classification": "PARTIAL_Q2_SIM_ONLY_LOWK_RESIDUAL_HURTS",
    "subtype": "low-k residual policies hurt approximation under simulated Q2-like W_low",
    "actual_q2k_decode_available": false,
    "numerical_wlow_type": "simulated_q2_like",
    "wlow_block_size": 16,
    "q2k_reference_block_size": 256,
    "memory_positive_policies_exist": true,
    "residual_on_improves": false,
    "best_policy": "uniform_0 (residual-off baseline)",
    "wref_source": "Q4_K_M model Q5_0/Q6_K dequantized via GGUFReader",
    "q2_decode_note": "SIMULATED Q2-like W_low — actual GGUF Q2_K decode unavailable",
  "budget": {
    "Q4_budget_total_mb": 37.40625,
    "Q2_K_total_mb": 24.548057556152344
  },
  "sweep_results": [
    {
      "policy": "uniform_0",
      "k_pct": {
        "ffn_up": 0,
        "ffn_gate": 0,
        "ffn_down": 0
      },
      "memory_positive": true,
      "margin_kb": 3590.7890625,
      "cos_low": 0.9260435809442229,
      "cos_sub": 0.9260435809442229,
      "delta_cos": 0.0,
      "mae_low": 0.009038709860760719,
      "mae_sub": 0.009038709860760719,
      "delta_mae": 0.0,
      "mx_low": 0.3346494452820884
    },
    {
      "policy": "up_0.5_g0_d0",
      "k_pct": {
        "ffn_up": 0.5,
        "ffn_gate": 0,
        "ffn_down": 0
      },
      "memory_positive": true,
      "margin_kb": 3335.4375,
      "cos_low": 0.9260435809442229,
      "cos_sub": 0.920009851398568,
      "delta_cos": -0.006033729545654953,
      "mae_low": 0.009038709860760719,
      "mae_sub": 0.009267022606864985,
      "delta_mae": -0.00022831274610426652,
      "mx_low": 0.3346494452820884
    },
    {
      "policy": "up_0_g0.5_d0",
      "k_pct": {
        "ffn_up": 0,
        "ffn_gate": 0.5,
        "ffn_down": 0
      },
      "memory_positive": true,
      "margin_kb": 3335.4375,
      "cos_low": 0.9260435809442229,
      "cos_sub": 0.9181785160661511,
      "delta_cos": -0.007865064878071815,
      "mae_low": 0.009038709860760719,
      "mae_sub": 0.009178643819824275,
      "delta_mae": -0.00013993395906355607,
      "mx_low": 0.3346494452820884
    },
    {
      "policy": "up_1_g0_d0",
      "k_pct": {
        "ffn_up": 1,
        "ffn_gate": 0,
        "ffn_down": 0
      },
      "memory_positive": true,
      "margin_kb": 3080.07421875,
      "cos_low": 0.9260435809442229,
      "cos_sub": 0.9173710374588706,
      "delta_cos": -0.008672543485352291,
      "mae_low": 0.009038709860760719,
      "mae_sub": 0.00945104674772463,
      "delta_mae": -0.0004123368869639113,
      "mx_low": 0.3346494452820884
    },
    {
      "policy": "up_0_g0_d0.5",
      "k_pct": {
        "ffn_up": 0,
        "ffn_gate": 0,
        "ffn_down": 0.5
      },
      "memory_positive": true,
      "margin_kb": 3335.4375,
      "cos_low": 0.9260435809442229,
      "cos_sub": 0.9166493651167779,
      "delta_cos": -0.00939421582744504,
      "mae_low": 0.009038709860760719,
      "mae_sub": 0.009089793887041096,
      "delta_mae": -5.108402628037703e-05,
      "mx_low": 0.3346494452820884
    },
    {
      "policy": "up_0_g1_d0",
      "k_pct": {
        "ffn_up": 0,
        "ffn_gate": 1,
        "ffn_down": 0
      },
      "memory_positive": true,
      "margin_kb": 3080.07421875,
      "cos_low": 0.9260435809442229,
      "cos_sub": 0.9159514692067273,
      "delta_cos": -0.01009211173749558,
      "mae_low": 0.009038709860760719,
      "mae_sub": 0.00927884833395688,
      "delta_mae": -0.00024013847319616193,
      "mx_low": 0.3346494452820884
    },
    {
      "policy": "up_0_g0_d1",
      "k_pct": {
        "ffn_up": 0,
        "ffn_gate": 0,
        "ffn_down": 1
      },
      "memory_positive": true,
      "margin_kb": 3080.07421875,
      "cos_low": 0.9260435809442229,
      "cos_sub": 0.9149254629861527,
      "delta_cos": -0.011118117958070162,
      "mae_low": 0.009038709860760719,
      "mae_sub": 0.009127049047189454,
      "delta_mae": -8.833918642873508e-05,
      "mx_low": 0.3346494452820884
    },
    {
      "policy": "up_2_g0_d0",
      "k_pct": {
        "ffn_up": 2,
        "ffn_gate": 0,
        "ffn_down": 0
      },
      "memory_positive": true,
      "margin_kb": 2569.359375,
      "cos_low": 0.9260435809442229,
      "cos_sub": 0.9148384598550714,
      "delta_cos": -0.011205121089151504,
      "mae_low": 0.009038709860760719,
      "mae_sub": 0.00977169603963072,
      "delta_mae": -0.0007329861788700019,
      "mx_low": 0.3346494452820884
    },
    {
      "policy": "up_0_g2_d0",
      "k_pct": {
        "ffn_up": 0,
        "ffn_gate": 2,
        "ffn_down": 0
      },
      "memory_positive": true,
      "margin_kb": 2569.359375,
      "cos_low": 0.9260435809442229,
      "cos_sub": 0.9141672258793343,
      "delta_cos": -0.0118763550648886,
      "mae_low": 0.009038709860760719,
      "mae_sub": 0.009448701574001461,
      "delta_mae": -0.0004099917132407427,
      "mx_low": 0.3346494452820884
    },
    {
      "policy": "up_3_g0_d0",
      "k_pct": {
        "ffn_up": 3,
        "ffn_gate": 0,
        "ffn_down": 0
      },
      "memory_positive": true,
      "margin_kb": 2058.6328125,
      "cos_low": 0.9260435809442229,
      "cos_sub": 0.9140762256707321,
      "delta_cos": -0.011967355273490798,
      "mae_low": 0.009038709860760719,
      "mae_sub": 0.01005261601595622,
      "delta_mae": -0.0010139061551955007,
      "mx_low": 0.3346494452820884
    },
    {
      "policy": "up_0_g3_d0",
      "k_pct": {
        "ffn_up": 0,
        "ffn_gate": 3,
        "ffn_down": 0
      },
      "memory_positive": true,
      "margin_kb": 2058.6328125,
      "cos_low": 0.9260435809442229,
      "cos_sub": 0.9138906597685926,
      "delta_cos": -0.012152921175630271,
      "mae_low": 0.009038709860760719,
      "mae_sub": 0.009595083467300154,
      "delta_mae": -0.0005563736065394356,
      "mx_low": 0.3346494452820884
    },
    {
      "policy": "up_0_g0_d2",
      "k_pct": {
        "ffn_up": 0,
        "ffn_gate": 0,
        "ffn_down": 2
      },
      "memory_positive": true,
      "margin_kb": 2569.359375,
      "cos_low": 0.9260435809442229,
      "cos_sub": 0.9135330711511723,
      "delta_cos": -0.012510509793050573,
      "mae_low": 0.009038709860760719,
      "mae_sub": 0.0091912019221733,
      "delta_mae": -0.00015249206141258222,
      "mx_low": 0.3346494452820884
    },
    {
      "policy": "up_0_g0_d3",
      "k_pct": {
        "ffn_up": 0,
        "ffn_gate": 0,
        "ffn_down": 3
      },
      "memory_positive": true,
      "margin_kb": 2058.6328125,
      "cos_low": 0.9260435809442229,
      "cos_sub": 0.9134199904868522,
      "delta_cos": -0.012623590457370715,
      "mae_low": 0.009038709860760719,
      "mae_sub": 0.009247098894168934,
      "delta_mae": -0.00020838903340821523,
      "mx_low": 0.3346494452820884
    },
    {
      "policy": "up1_g1_d0",
      "k_pct": {
        "ffn_up": 1,
        "ffn_gate": 1,
        "ffn_down": 0
      },
      "memory_positive": true,
      "margin_kb": 2569.359375,
      "cos_low": 0.9260435809442229,
      "cos_sub": 0.9072789257213751,
      "delta_cos": -0.01876465522284776,
      "mae_low": 0.009038709860760719,
      "mae_sub": 0.009691185220920792,
      "delta_mae": -0.0006524753601600732,
      "mx_low": 0.3346494452820884
    },
    {
      "policy": "up1_g0_d1",
      "k_pct": {
        "ffn_up": 1,
        "ffn_gate": 0,
        "ffn_down": 1
      },
      "memory_positive": true,
      "margin_kb": 2569.359375,
      "cos_low": 0.9260435809442229,
      "cos_sub": 0.9062529195008006,
      "delta_cos": -0.01979066144342234,
      "mae_low": 0.009038709860760719,
      "mae_sub": 0.009539385934153365,
      "delta_mae": -0.0005006760733926464,
      "mx_low": 0.3346494452820884
    },
    {
      "policy": "up0_g1_d1",
      "k_pct": {
        "ffn_up": 0,
        "ffn_gate": 1,
        "ffn_down": 1
      },
      "memory_positive": true,
      "margin_kb": 2569.359375,
      "cos_low": 0.9260435809442229,